tabla,modulo,descripcion_tabla,graph_node,columna,tipo,clave_primaria,clave_foranea,descripcion_columna,graph_node_id
accounts,Contabilidad,Plan General Contable español — cuentas contables por empresa,,id,INTEGER,SI,,Identificador único,
accounts,Contabilidad,Plan General Contable español — cuentas contables por empresa,,code,VARCHAR,,,"Código PGC (ej: 400, 700)",
accounts,Contabilidad,Plan General Contable español — cuentas contables por empresa,,name,VARCHAR,,,Nombre de la cuenta contable,
accounts,Contabilidad,Plan General Contable español — cuentas contables por empresa,,account_type,VARCHAR,,,Tipo: activo|pasivo|patrimonio|ingreso|gasto,
accounts,Contabilidad,Plan General Contable español — cuentas contables por empresa,,normal_balance,VARCHAR,,,Saldo normal: debit|credit,
accounts,Contabilidad,Plan General Contable español — cuentas contables por empresa,,description,TEXT,,,Descripción larga de la cuenta,
accounts,Contabilidad,Plan General Contable español — cuentas contables por empresa,,is_active,BOOLEAN,,,Si la cuenta está activa,
accounts,Contabilidad,Plan General Contable español — cuentas contables por empresa,,company_id,INTEGER,,companies.id,Empresa propietaria,
accounts,Contabilidad,Plan General Contable español — cuentas contables por empresa,,created_at,DATETIME,,,Fecha de creación,
auto_responses,Clientes,Respuestas automáticas configuradas por empresa para mensajes de clientes,,id,INTEGER,SI,,Identificador único,
auto_responses,Clientes,Respuestas automáticas configuradas por empresa para mensajes de clientes,,company_id,INTEGER,,companies.id,Empresa propietaria,
auto_responses,Clientes,Respuestas automáticas configuradas por empresa para mensajes de clientes,,trigger_keywords,JSON,,,Palabras clave que activan la respuesta,
auto_responses,Clientes,Respuestas automáticas configuradas por empresa para mensajes de clientes,,response_template,TEXT,,,Plantilla de respuesta automática,
auto_responses,Clientes,Respuestas automáticas configuradas por empresa para mensajes de clientes,,platform,VARCHAR(50),,,Plataforma: email|instagram|whatsapp|manual,
auto_responses,Clientes,Respuestas automáticas configuradas por empresa para mensajes de clientes,,is_active,BOOLEAN,,,Si está activa,
auto_responses,Clientes,Respuestas automáticas configuradas por empresa para mensajes de clientes,,created_at,DATETIME,,,Fecha de creación,
billing_events,Billing,Eventos de Stripe recibidos via webhook para auditoría,,id,INTEGER,SI,,Identificador único,
billing_events,Billing,Eventos de Stripe recibidos via webhook para auditoría,,stripe_event_id,VARCHAR(200),,,ID del evento en Stripe,
billing_events,Billing,Eventos de Stripe recibidos via webhook para auditoría,,event_type,VARCHAR(100),,,"Tipo: payment_intent.succeeded, subscription.updated, etc.",
billing_events,Billing,Eventos de Stripe recibidos via webhook para auditoría,,user_id,INTEGER,,users.id,Usuario afectado,
billing_events,Billing,Eventos de Stripe recibidos via webhook para auditoría,,data,TEXT,,,Payload completo del evento en JSON,
billing_events,Billing,Eventos de Stripe recibidos via webhook para auditoría,,processed,BOOLEAN,,,Si el evento fue procesado,
billing_events,Billing,Eventos de Stripe recibidos via webhook para auditoría,,created_at,DATETIME,,,Fecha de recepción,
billing_licenses,Billing,Licencias únicas de activación pagadas por empresa,,id,INTEGER,SI,,Identificador único,
billing_licenses,Billing,Licencias únicas de activación pagadas por empresa,,user_id,INTEGER,,users.id,Usuario propietario,
billing_licenses,Billing,Licencias únicas de activación pagadas por empresa,,plan_id,VARCHAR(50),,,Plan: starter|pro|business|enterprise,
billing_licenses,Billing,Licencias únicas de activación pagadas por empresa,,stripe_payment_intent_id,VARCHAR(200),,,ID del pago en Stripe,
billing_licenses,Billing,Licencias únicas de activación pagadas por empresa,,stripe_customer_id,VARCHAR(200),,,ID del cliente en Stripe,
billing_licenses,Billing,Licencias únicas de activación pagadas por empresa,,amount_paid,FLOAT,,,Importe pagado por la licencia en EUR,
billing_licenses,Billing,Licencias únicas de activación pagadas por empresa,,currency,VARCHAR(10),,,Moneda: eur,
billing_licenses,Billing,Licencias únicas de activación pagadas por empresa,,paid_at,DATETIME,,,Fecha de pago,
billing_licenses,Billing,Licencias únicas de activación pagadas por empresa,,status,VARCHAR(50),,,Estado: pending|paid|refunded,
billing_licenses,Billing,Licencias únicas de activación pagadas por empresa,,created_at,DATETIME,,,Fecha de creación,
billing_subscriptions,Billing,"Suscripciones mensuales de cada empresa — plan, estado, fase y periodo gratis",Subscription,id,INTEGER,SI,,Identificador único,
billing_subscriptions,Billing,"Suscripciones mensuales de cada empresa — plan, estado, fase y periodo gratis",Subscription,user_id,INTEGER,,users.id,Usuario propietario,
billing_subscriptions,Billing,"Suscripciones mensuales de cada empresa — plan, estado, fase y periodo gratis",Subscription,plan_id,VARCHAR(50),,,Plan: starter|pro|business|enterprise,
billing_subscriptions,Billing,"Suscripciones mensuales de cada empresa — plan, estado, fase y periodo gratis",Subscription,stripe_subscription_id,VARCHAR(200),,,ID de suscripción en Stripe,
billing_subscriptions,Billing,"Suscripciones mensuales de cada empresa — plan, estado, fase y periodo gratis",Subscription,stripe_customer_id,VARCHAR(200),,,ID del cliente en Stripe,
billing_subscriptions,Billing,"Suscripciones mensuales de cada empresa — plan, estado, fase y periodo gratis",Subscription,stripe_price_id,VARCHAR(200),,,ID del precio en Stripe,
billing_subscriptions,Billing,"Suscripciones mensuales de cada empresa — plan, estado, fase y periodo gratis",Subscription,status,VARCHAR(50),,,Estado: trialing|active|canceled|past_due,
billing_subscriptions,Billing,"Suscripciones mensuales de cada empresa — plan, estado, fase y periodo gratis",Subscription,fase,VARCHAR(20),,,Fase comercial: beta|early_adopter|paid,
billing_subscriptions,Billing,"Suscripciones mensuales de cada empresa — plan, estado, fase y periodo gratis",Subscription,fase_expiry,DATETIME,,,Fecha en que vence el periodo gratis,
billing_subscriptions,Billing,"Suscripciones mensuales de cada empresa — plan, estado, fase y periodo gratis",Subscription,trial_start,DATETIME,,,Inicio del trial,
billing_subscriptions,Billing,"Suscripciones mensuales de cada empresa — plan, estado, fase y periodo gratis",Subscription,trial_end,DATETIME,,,Fin del trial,
billing_subscriptions,Billing,"Suscripciones mensuales de cada empresa — plan, estado, fase y periodo gratis",Subscription,current_period_start,DATETIME,,,Inicio del periodo actual de facturación,
billing_subscriptions,Billing,"Suscripciones mensuales de cada empresa — plan, estado, fase y periodo gratis",Subscription,current_period_end,DATETIME,,,Fin del periodo actual de facturación,
billing_subscriptions,Billing,"Suscripciones mensuales de cada empresa — plan, estado, fase y periodo gratis",Subscription,cancel_at_period_end,BOOLEAN,,,Si cancelará al final del periodo,
billing_subscriptions,Billing,"Suscripciones mensuales de cada empresa — plan, estado, fase y periodo gratis",Subscription,extra_users,INTEGER,,,Usuarios adicionales contratados (+8 EUR/mes c/u),
billing_subscriptions,Billing,"Suscripciones mensuales de cada empresa — plan, estado, fase y periodo gratis",Subscription,license_paid,BOOLEAN,,,Si la licencia única fue pagada,
billing_subscriptions,Billing,"Suscripciones mensuales de cada empresa — plan, estado, fase y periodo gratis",Subscription,created_at,DATETIME,,,Fecha de creación,
billing_subscriptions,Billing,"Suscripciones mensuales de cada empresa — plan, estado, fase y periodo gratis",Subscription,updated_at,DATETIME,,,Última actualización,
billing_usage,Billing,Tracking de uso de IA y documentos por empresa y periodo — para control de límites por plan,,id,INTEGER,SI,,Identificador único,
billing_usage,Billing,Tracking de uso de IA y documentos por empresa y periodo — para control de límites por plan,,subscription_id,INTEGER,,billing_subscriptions.id,Suscripción asociada,
billing_usage,Billing,Tracking de uso de IA y documentos por empresa y periodo — para control de límites por plan,,user_id,INTEGER,,users.id,Usuario que generó el uso,
billing_usage,Billing,Tracking de uso de IA y documentos por empresa y periodo — para control de límites por plan,,period_start,DATETIME,,,Inicio del periodo de tracking (generalmente día 1 del mes),
billing_usage,Billing,Tracking de uso de IA y documentos por empresa y periodo — para control de límites por plan,,period_end,DATETIME,,,Fin del periodo de tracking,
billing_usage,Billing,Tracking de uso de IA y documentos por empresa y periodo — para control de límites por plan,,ai_queries_used,INTEGER,,,Consultas a Claude usadas este periodo,
billing_usage,Billing,Tracking de uso de IA y documentos por empresa y periodo — para control de límites por plan,,documents_used,INTEGER,,,Documentos procesados este periodo,
billing_usage,Billing,Tracking de uso de IA y documentos por empresa y periodo — para control de límites por plan,,created_at,DATETIME,,,Fecha de creación del registro,
billing_usage,Billing,Tracking de uso de IA y documentos por empresa y periodo — para control de límites por plan,,updated_at,DATETIME,,,Última actualización,
business_ai_memory,Analytics / IA,Memoria IA por empresa — hechos aprendidos automáticamente y entrenamiento manual del usuario,Memory,id,INTEGER,SI,,Identificador único,
business_ai_memory,Analytics / IA,Memoria IA por empresa — hechos aprendidos automáticamente y entrenamiento manual del usuario,Memory,company_id,INTEGER,,companies.id,Empresa propietaria (único por empresa),SI
business_ai_memory,Analytics / IA,Memoria IA por empresa — hechos aprendidos automáticamente y entrenamiento manual del usuario,Memory,learned_facts,TEXT,,,Hechos aprendidos automáticamente por Claude (resumen de memory_entries),
business_ai_memory,Analytics / IA,Memoria IA por empresa — hechos aprendidos automáticamente y entrenamiento manual del usuario,Memory,patterns_detected,JSON,,,"Patrones detectados: [{pattern, confidence, first_detected, times_confirmed}]",
business_ai_memory,Analytics / IA,Memoria IA por empresa — hechos aprendidos automáticamente y entrenamiento manual del usuario,Memory,anomalies_detected,JSON,,,"Anomalías detectadas: [{date, description, severity}]",
business_ai_memory,Analytics / IA,Memoria IA por empresa — hechos aprendidos automáticamente y entrenamiento manual del usuario,Memory,last_auto_update,DATETIME,,,Última actualización automática,
business_ai_memory,Analytics / IA,Memoria IA por empresa — hechos aprendidos automáticamente y entrenamiento manual del usuario,Memory,auto_update_count,INTEGER,,,Número de actualizaciones automáticas,
business_ai_memory,Analytics / IA,Memoria IA por empresa — hechos aprendidos automáticamente y entrenamiento manual del usuario,Memory,manual_training,TEXT,,,Contexto escrito manualmente por el usuario/admin,
business_ai_memory,Analytics / IA,Memoria IA por empresa — hechos aprendidos automáticamente y entrenamiento manual del usuario,Memory,business_personality,TEXT,,,"Tono, valores y diferenciadores del negocio",
business_ai_memory,Analytics / IA,Memoria IA por empresa — hechos aprendidos automáticamente y entrenamiento manual del usuario,Memory,business_goals,TEXT,,,Objetivos del negocio a corto y largo plazo,
business_ai_memory,Analytics / IA,Memoria IA por empresa — hechos aprendidos automáticamente y entrenamiento manual del usuario,Memory,full_context,TEXT,,,Contexto completo combinado — lo que recibe Claude en cada consulta,
business_ai_memory,Analytics / IA,Memoria IA por empresa — hechos aprendidos automáticamente y entrenamiento manual del usuario,Memory,context_version,INTEGER,,,Versión del contexto — incrementa con cada rebuild,
business_ai_memory,Analytics / IA,Memoria IA por empresa — hechos aprendidos automáticamente y entrenamiento manual del usuario,Memory,created_at,DATETIME,,,Fecha de creación,
business_ai_memory,Analytics / IA,Memoria IA por empresa — hechos aprendidos automáticamente y entrenamiento manual del usuario,Memory,updated_at,DATETIME,,,Última actualización,
business_snapshots,Analytics / ML,Snapshot mensual de KPIs por empresa — diseñado para ML. Cada fila es un ejemplo de entrenamiento con 60+ features y labels.,Snapshot,id,INTEGER,SI,,Identificador único,SI
business_snapshots,Analytics / ML,Snapshot mensual de KPIs por empresa — diseñado para ML. Cada fila es un ejemplo de entrenamiento con 60+ features y labels.,Snapshot,company_id,INTEGER,,companies.id,Empresa propietaria,SI
business_snapshots,Analytics / ML,Snapshot mensual de KPIs por empresa — diseñado para ML. Cada fila es un ejemplo de entrenamiento con 60+ features y labels.,Snapshot,snapshot_date,DATE,,,Fecha del snapshot (normalmente día 1 del mes),
business_snapshots,Analytics / ML,Snapshot mensual de KPIs por empresa — diseñado para ML. Cada fila es un ejemplo de entrenamiento con 60+ features y labels.,Snapshot,periodo,VARCHAR(20),,,Periodicidad: daily|weekly|monthly,
business_snapshots,Analytics / ML,Snapshot mensual de KPIs por empresa — diseñado para ML. Cada fila es un ejemplo de entrenamiento con 60+ features y labels.,Snapshot,sector,VARCHAR(100),,,"Sector del negocio (restauracion, retail, servicios...)",
business_snapshots,Analytics / ML,Snapshot mensual de KPIs por empresa — diseñado para ML. Cada fila es un ejemplo de entrenamiento con 60+ features y labels.,Snapshot,ingresos_mes,FLOAT,,,Ingresos totales del mes en EUR,
business_snapshots,Analytics / ML,Snapshot mensual de KPIs por empresa — diseñado para ML. Cada fila es un ejemplo de entrenamiento con 60+ features y labels.,Snapshot,gastos_mes,FLOAT,,,Gastos totales del mes en EUR,
business_snapshots,Analytics / ML,Snapshot mensual de KPIs por empresa — diseñado para ML. Cada fila es un ejemplo de entrenamiento con 60+ features y labels.,Snapshot,resultado_neto,FLOAT,,,Resultado neto (ingresos - gastos),
business_snapshots,Analytics / ML,Snapshot mensual de KPIs por empresa — diseñado para ML. Cada fila es un ejemplo de entrenamiento con 60+ features y labels.,Snapshot,margen_neto_pct,FLOAT,,,Margen neto en % (resultado/ingresos*100),
business_snapshots,Analytics / ML,Snapshot mensual de KPIs por empresa — diseñado para ML. Cada fila es un ejemplo de entrenamiento con 60+ features y labels.,Snapshot,crecimiento_ingresos_pct,FLOAT,,,Crecimiento vs mes anterior en %,
business_snapshots,Analytics / ML,Snapshot mensual de KPIs por empresa — diseñado para ML. Cada fila es un ejemplo de entrenamiento con 60+ features y labels.,Snapshot,num_ventas_mes,INTEGER,,,Número de ventas del mes,
business_snapshots,Analytics / ML,Snapshot mensual de KPIs por empresa — diseñado para ML. Cada fila es un ejemplo de entrenamiento con 60+ features y labels.,Snapshot,ticket_medio,FLOAT,,,Ticket medio por venta en EUR,
business_snapshots,Analytics / ML,Snapshot mensual de KPIs por empresa — diseñado para ML. Cada fila es un ejemplo de entrenamiento con 60+ features y labels.,Snapshot,total_contactos,INTEGER,,,Total de clientes/contactos,
business_snapshots,Analytics / ML,Snapshot mensual de KPIs por empresa — diseñado para ML. Cada fila es un ejemplo de entrenamiento con 60+ features y labels.,Snapshot,sentiment_score_avg,FLOAT,,,Score de sentimiento medio de clientes (1-10),
business_snapshots,Analytics / ML,Snapshot mensual de KPIs por empresa — diseñado para ML. Cada fila es un ejemplo de entrenamiento con 60+ features y labels.,Snapshot,clientes_riesgo,INTEGER,,,Número de clientes en riesgo de abandono,
business_snapshots,Analytics / ML,Snapshot mensual de KPIs por empresa — diseñado para ML. Cada fila es un ejemplo de entrenamiento con 60+ features y labels.,Snapshot,proyectos_activos,INTEGER,,,Proyectos activos en el momento del snapshot,
business_snapshots,Analytics / ML,Snapshot mensual de KPIs por empresa — diseñado para ML. Cada fila es un ejemplo de entrenamiento con 60+ features y labels.,Snapshot,health_score_avg,FLOAT,,,Health score medio de proyectos (1-10),
business_snapshots,Analytics / ML,Snapshot mensual de KPIs por empresa — diseñado para ML. Cada fila es un ejemplo de entrenamiento con 60+ features y labels.,Snapshot,label_tendencia,VARCHAR(20),,,Label ML: creciendo|estable|bajando,
business_snapshots,Analytics / ML,Snapshot mensual de KPIs por empresa — diseñado para ML. Cada fila es un ejemplo de entrenamiento con 60+ features y labels.,Snapshot,label_salud_financiera,VARCHAR(20),,,Label ML: saludable|ajustado|problemas|crisis,
business_snapshots,Analytics / ML,Snapshot mensual de KPIs por empresa — diseñado para ML. Cada fila es un ejemplo de entrenamiento con 60+ features y labels.,Snapshot,label_riesgo_negocio,VARCHAR(20),,,Label ML: bajo|medio|alto|critico,
business_snapshots,Analytics / ML,Snapshot mensual de KPIs por empresa — diseñado para ML. Cada fila es un ejemplo de entrenamiento con 60+ features y labels.,Snapshot,ai_health_score,FLOAT,,,Score global del negocio calculado por Claude (1-10),
business_snapshots,Analytics / ML,Snapshot mensual de KPIs por empresa — diseñado para ML. Cada fila es un ejemplo de entrenamiento con 60+ features y labels.,Snapshot,generated_at,DATETIME,,,Fecha de generación del snapshot,
companies,Core,Empresas registradas en Vortu — nodo central de toda la arquitectura,Company,id,INTEGER,SI,,Identificador único — usado como pg_id en Neo4j,SI
companies,Core,Empresas registradas en Vortu — nodo central de toda la arquitectura,Company,name,VARCHAR,,,Nombre de la empresa,
companies,Core,Empresas registradas en Vortu — nodo central de toda la arquitectura,Company,email,VARCHAR,,,Email principal (único),
companies,Core,Empresas registradas en Vortu — nodo central de toda la arquitectura,Company,created_at,DATETIME,,,Fecha de registro,
contacts,Clientes,Clientes/contactos de cada empresa — CRM con sentiment tracking,Contact,id,INTEGER,SI,,Identificador único,SI
contacts,Clientes,Clientes/contactos de cada empresa — CRM con sentiment tracking,Contact,company_id,INTEGER,,companies.id,Empresa propietaria,SI
contacts,Clientes,Clientes/contactos de cada empresa — CRM con sentiment tracking,Contact,name,VARCHAR(200),,,Nombre del contacto,
contacts,Clientes,Clientes/contactos de cada empresa — CRM con sentiment tracking,Contact,email,VARCHAR(200),,,Email del contacto,
contacts,Clientes,Clientes/contactos de cada empresa — CRM con sentiment tracking,Contact,phone,VARCHAR(50),,,Teléfono del contacto,
contacts,Clientes,Clientes/contactos de cada empresa — CRM con sentiment tracking,Contact,platform,VARCHAR(50),,,Canal de contacto: email|whatsapp|instagram|facebook|manual,
contacts,Clientes,Clientes/contactos de cada empresa — CRM con sentiment tracking,Contact,is_vip,BOOLEAN,,,Si es cliente VIP,
contacts,Clientes,Clientes/contactos de cada empresa — CRM con sentiment tracking,Contact,sentiment_score,FLOAT,,,Score de sentimiento running average (1-10),SI
contacts,Clientes,Clientes/contactos de cada empresa — CRM con sentiment tracking,Contact,risk_level,VARCHAR(20),,,Nivel de riesgo: bajo|medio|alto|critico,SI
contacts,Clientes,Clientes/contactos de cada empresa — CRM con sentiment tracking,Contact,created_at,DATETIME,,,Fecha de alta,
employees,RRHH,Empleados de cada empresa — nóminas y RRHH,Employee,id,INTEGER,SI,,Identificador único,SI
employees,RRHH,Empleados de cada empresa — nóminas y RRHH,Employee,full_name,VARCHAR,,,Nombre completo,
employees,RRHH,Empleados de cada empresa — nóminas y RRHH,Employee,email,VARCHAR,,,Email del empleado,
employees,RRHH,Empleados de cada empresa — nóminas y RRHH,Employee,department,VARCHAR,,,Departamento,
employees,RRHH,Empleados de cada empresa — nóminas y RRHH,Employee,position,VARCHAR,,,Cargo/puesto,SI
employees,RRHH,Empleados de cada empresa — nóminas y RRHH,Employee,gross_salary,FLOAT,,,Salario bruto anual en EUR,SI
employees,RRHH,Empleados de cada empresa — nóminas y RRHH,Employee,is_active,BOOLEAN,,,Si está activo,
employees,RRHH,Empleados de cada empresa — nóminas y RRHH,Employee,company_id,INTEGER,,companies.id,Empresa donde trabaja,SI
employees,RRHH,Empleados de cada empresa — nóminas y RRHH,Employee,created_at,DATETIME,,,Fecha de alta,
memory_entries,Analytics / IA,Cada entrada individual de memoria IA — auto o manual con trazabilidad completa. Sincronizado con ChromaDB.,,id,INTEGER,SI,,Identificador único,
memory_entries,Analytics / IA,Cada entrada individual de memoria IA — auto o manual con trazabilidad completa. Sincronizado con ChromaDB.,,company_id,INTEGER,,companies.id,Empresa a la que pertenece el aprendizaje,
memory_entries,Analytics / IA,Cada entrada individual de memoria IA — auto o manual con trazabilidad completa. Sincronizado con ChromaDB.,,tipo,VARCHAR(20),,,Tipo: auto (IA) | manual (usuario/admin),
memory_entries,Analytics / IA,Cada entrada individual de memoria IA — auto o manual con trazabilidad completa. Sincronizado con ChromaDB.,,fuente,VARCHAR(100),,,Origen: snapshot|admin|user|pattern_detection,
memory_entries,Analytics / IA,Cada entrada individual de memoria IA — auto o manual con trazabilidad completa. Sincronizado con ChromaDB.,,autor,VARCHAR(200),,,Email del autor o 'claude-auto',
memory_entries,Analytics / IA,Cada entrada individual de memoria IA — auto o manual con trazabilidad completa. Sincronizado con ChromaDB.,,contenido,TEXT,,,El hecho aprendido o nota manual — también en ChromaDB,
memory_entries,Analytics / IA,Cada entrada individual de memoria IA — auto o manual con trazabilidad completa. Sincronizado con ChromaDB.,,categoria,VARCHAR(50),,,Categoría: ventas|clientes|finanzas|proyectos|rrhh|general,
memory_entries,Analytics / IA,Cada entrada individual de memoria IA — auto o manual con trazabilidad completa. Sincronizado con ChromaDB.,,confianza,FLOAT,,,Confianza de Claude en el hecho (0.0-1.0),
memory_entries,Analytics / IA,Cada entrada individual de memoria IA — auto o manual con trazabilidad completa. Sincronizado con ChromaDB.,,snapshot_id,INTEGER,,business_snapshots.id,Snapshot que generó este aprendizaje (si es auto),
memory_entries,Analytics / IA,Cada entrada individual de memoria IA — auto o manual con trazabilidad completa. Sincronizado con ChromaDB.,,created_at,DATETIME,,,Fecha y hora exacta del aprendizaje,
messages,Clientes,Mensajes de clientes — inbox unificado con análisis IA de sentimiento e intención,Message,id,INTEGER,SI,,Identificador único,SI
messages,Clientes,Mensajes de clientes — inbox unificado con análisis IA de sentimiento e intención,Message,company_id,INTEGER,,companies.id,Empresa propietaria,SI
messages,Clientes,Mensajes de clientes — inbox unificado con análisis IA de sentimiento e intención,Message,contact_id,INTEGER,,contacts.id,Contacto que envió el mensaje,SI
messages,Clientes,Mensajes de clientes — inbox unificado con análisis IA de sentimiento e intención,Message,platform,VARCHAR(50),,,Canal: email|whatsapp|instagram|facebook|manual,
messages,Clientes,Mensajes de clientes — inbox unificado con análisis IA de sentimiento e intención,Message,direction,VARCHAR(10),,,Dirección: inbound|outbound,
messages,Clientes,Mensajes de clientes — inbox unificado con análisis IA de sentimiento e intención,Message,content,TEXT,,,Contenido del mensaje,
messages,Clientes,Mensajes de clientes — inbox unificado con análisis IA de sentimiento e intención,Message,status,VARCHAR(20),,,Estado: pending|draft_ready|approved|sent|auto_sent|rejected,
messages,Clientes,Mensajes de clientes — inbox unificado con análisis IA de sentimiento e intención,Message,ai_sentiment,VARCHAR(20),,,Sentimiento IA: positive|neutral|negative|urgent,SI
messages,Clientes,Mensajes de clientes — inbox unificado con análisis IA de sentimiento e intención,Message,ai_intent,VARCHAR(30),,,Intención IA: question|complaint|purchase|compliment|other,
messages,Clientes,Mensajes de clientes — inbox unificado con análisis IA de sentimiento e intención,Message,requires_human,BOOLEAN,,,Si requiere atención humana,
messages,Clientes,Mensajes de clientes — inbox unificado con análisis IA de sentimiento e intención,Message,created_at,DATETIME,,,Fecha de recepción,
products,Ventas,Catálogo de productos con stock y precios — módulo Ventas/TPV,Product,id,INTEGER,SI,,Identificador único,SI
products,Ventas,Catálogo de productos con stock y precios — módulo Ventas/TPV,Product,company_id,INTEGER,,companies.id,Empresa propietaria,SI
products,Ventas,Catálogo de productos con stock y precios — módulo Ventas/TPV,Product,name,VARCHAR(300),,,Nombre del producto,SI
products,Ventas,Catálogo de productos con stock y precios — módulo Ventas/TPV,Product,barcode,VARCHAR(100),,,Código de barras para escaneo TPV,
products,Ventas,Catálogo de productos con stock y precios — módulo Ventas/TPV,Product,sale_price,FLOAT,,,Precio de venta en EUR,SI
products,Ventas,Catálogo de productos con stock y precios — módulo Ventas/TPV,Product,cost_price,FLOAT,,,Precio de coste en EUR,
products,Ventas,Catálogo de productos con stock y precios — módulo Ventas/TPV,Product,iva_rate,FLOAT,,,Tipo de IVA: 0|4|10|21,
products,Ventas,Catálogo de productos con stock y precios — módulo Ventas/TPV,Product,stock_quantity,INTEGER,,,Stock actual disponible,SI
products,Ventas,Catálogo de productos con stock y precios — módulo Ventas/TPV,Product,low_stock_threshold,INTEGER,,,Umbral de stock bajo para alertas,
products,Ventas,Catálogo de productos con stock y precios — módulo Ventas/TPV,Product,is_active,BOOLEAN,,,Si el producto está activo en el catálogo,
products,Ventas,Catálogo de productos con stock y precios — módulo Ventas/TPV,Product,created_at,DATETIME,,,Fecha de alta,
projects,Proyectos,Proyectos de clientes o internos con health score IA y gestión de tareas,Project,id,INTEGER,SI,,Identificador único,SI
projects,Proyectos,Proyectos de clientes o internos con health score IA y gestión de tareas,Project,company_id,INTEGER,,companies.id,Empresa propietaria,SI
projects,Proyectos,Proyectos de clientes o internos con health score IA y gestión de tareas,Project,name,VARCHAR(200),,,Nombre del proyecto,SI
projects,Proyectos,Proyectos de clientes o internos con health score IA y gestión de tareas,Project,client_name,VARCHAR(200),,,Nombre del cliente asociado,
projects,Proyectos,Proyectos de clientes o internos con health score IA y gestión de tareas,Project,status,VARCHAR(20),,,Estado: activo|completado|pausado|cancelado,SI
projects,Proyectos,Proyectos de clientes o internos con health score IA y gestión de tareas,Project,deadline,DATE,,,Fecha límite del proyecto,
projects,Proyectos,Proyectos de clientes o internos con health score IA y gestión de tareas,Project,budget,FLOAT,,,Presupuesto total en EUR,SI
projects,Proyectos,Proyectos de clientes o internos con health score IA y gestión de tareas,Project,health_score,FLOAT,,,Score de salud calculado por Claude (1-10),SI
projects,Proyectos,Proyectos de clientes o internos con health score IA y gestión de tareas,Project,completion_percentage,FLOAT,,,Porcentaje de completado (0-100),
projects,Proyectos,Proyectos de clientes o internos con health score IA y gestión de tareas,Project,created_at,DATETIME,,,Fecha de creación,
prospector_leads,Backoffice / Prospector,Leads encontrados por el Nexum Prospector — scraping + análisis IA + mensajes personalizados,,id,INTEGER,SI,,Identificador único,
prospector_leads,Backoffice / Prospector,Leads encontrados por el Nexum Prospector — scraping + análisis IA + mensajes personalizados,,search_id,INTEGER,,prospector_searches.id,Búsqueda que generó este lead,
prospector_leads,Backoffice / Prospector,Leads encontrados por el Nexum Prospector — scraping + análisis IA + mensajes personalizados,,source,VARCHAR(50),,,Fuente: google_maps|instagram|facebook|linkedin,
prospector_leads,Backoffice / Prospector,Leads encontrados por el Nexum Prospector — scraping + análisis IA + mensajes personalizados,,nombre,VARCHAR(300),,,Nombre del negocio,
prospector_leads,Backoffice / Prospector,Leads encontrados por el Nexum Prospector — scraping + análisis IA + mensajes personalizados,,categoria,VARCHAR(200),,,Categoría de negocio,
prospector_leads,Backoffice / Prospector,Leads encontrados por el Nexum Prospector — scraping + análisis IA + mensajes personalizados,,ciudad,VARCHAR(200),,,Ciudad del negocio,
prospector_leads,Backoffice / Prospector,Leads encontrados por el Nexum Prospector — scraping + análisis IA + mensajes personalizados,,telefono,VARCHAR(100),,,Teléfono de contacto,
prospector_leads,Backoffice / Prospector,Leads encontrados por el Nexum Prospector — scraping + análisis IA + mensajes personalizados,,website,VARCHAR(500),,,URL del sitio web,
prospector_leads,Backoffice / Prospector,Leads encontrados por el Nexum Prospector — scraping + análisis IA + mensajes personalizados,,instagram,VARCHAR(300),,,URL del perfil de Instagram,
prospector_leads,Backoffice / Prospector,Leads encontrados por el Nexum Prospector — scraping + análisis IA + mensajes personalizados,,rating,FLOAT,,,Rating en Google Maps (1-5),
prospector_leads,Backoffice / Prospector,Leads encontrados por el Nexum Prospector — scraping + análisis IA + mensajes personalizados,,reviews,INTEGER,,,Número de reseñas en Google Maps,
prospector_leads,Backoffice / Prospector,Leads encontrados por el Nexum Prospector — scraping + análisis IA + mensajes personalizados,,score,FLOAT,,,Score de relevancia calculado por Claude (1-10),
prospector_leads,Backoffice / Prospector,Leads encontrados por el Nexum Prospector — scraping + análisis IA + mensajes personalizados,,razon_score,TEXT,,,Explicación del score por Claude,
prospector_leads,Backoffice / Prospector,Leads encontrados por el Nexum Prospector — scraping + análisis IA + mensajes personalizados,,canal_recomendado,VARCHAR(50),,,Canal de contacto recomendado por Claude,
prospector_leads,Backoffice / Prospector,Leads encontrados por el Nexum Prospector — scraping + análisis IA + mensajes personalizados,,pain_point,TEXT,,,Pain point principal detectado por Claude,
prospector_leads,Backoffice / Prospector,Leads encontrados por el Nexum Prospector — scraping + análisis IA + mensajes personalizados,,mensaje_generado,TEXT,,,Mensaje personalizado generado por Claude,
prospector_leads,Backoffice / Prospector,Leads encontrados por el Nexum Prospector — scraping + análisis IA + mensajes personalizados,,estado,VARCHAR(30),,,Estado: pendiente|aprobado|enviado|descartado,
prospector_leads,Backoffice / Prospector,Leads encontrados por el Nexum Prospector — scraping + análisis IA + mensajes personalizados,,lat,REAL,,,Latitud GPS para el mapa,
prospector_leads,Backoffice / Prospector,Leads encontrados por el Nexum Prospector — scraping + análisis IA + mensajes personalizados,,lng,REAL,,,Longitud GPS para el mapa,
prospector_leads,Backoffice / Prospector,Leads encontrados por el Nexum Prospector — scraping + análisis IA + mensajes personalizados,,maps_url,VARCHAR(500),,,URL de Google Maps del negocio,
prospector_leads,Backoffice / Prospector,Leads encontrados por el Nexum Prospector — scraping + análisis IA + mensajes personalizados,,created_at,DATETIME,,,Fecha de creación,
prospector_searches,Backoffice / Prospector,Búsquedas realizadas por el Nexum Prospector con su estado y resultados,,id,INTEGER,SI,,Identificador único,
prospector_searches,Backoffice / Prospector,Búsquedas realizadas por el Nexum Prospector con su estado y resultados,,prompt,TEXT,,,Prompt de búsqueda del admin (ej: restaurantes),
prospector_searches,Backoffice / Prospector,Búsquedas realizadas por el Nexum Prospector con su estado y resultados,,location,VARCHAR(200),,,Ciudad o ubicación de búsqueda,
prospector_searches,Backoffice / Prospector,Búsquedas realizadas por el Nexum Prospector con su estado y resultados,,status,VARCHAR(20),,,Estado: pending|running|done|error,
prospector_searches,Backoffice / Prospector,Búsquedas realizadas por el Nexum Prospector con su estado y resultados,,total_leads,INTEGER,,,Total de leads encontrados,
prospector_searches,Backoffice / Prospector,Búsquedas realizadas por el Nexum Prospector con su estado y resultados,,leads_contactar,INTEGER,,,Leads con score >= 6 para contactar,
prospector_searches,Backoffice / Prospector,Búsquedas realizadas por el Nexum Prospector con su estado y resultados,,created_at,DATETIME,,,Fecha de inicio,
prospector_searches,Backoffice / Prospector,Búsquedas realizadas por el Nexum Prospector con su estado y resultados,,completed_at,DATETIME,,,Fecha de finalización,
prospector_searches,Backoffice / Prospector,Búsquedas realizadas por el Nexum Prospector con su estado y resultados,,created_by,VARCHAR(200),,,Email del admin que lanzó la búsqueda,
sales,Ventas,Ventas registradas en el TPV — transacciones con método de pago,Sale,id,INTEGER,SI,,Identificador único,SI
sales,Ventas,Ventas registradas en el TPV — transacciones con método de pago,Sale,company_id,INTEGER,,companies.id,Empresa propietaria,SI
sales,Ventas,Ventas registradas en el TPV — transacciones con método de pago,Sale,sale_date,DATE,,,Fecha de la venta,SI
sales,Ventas,Ventas registradas en el TPV — transacciones con método de pago,Sale,payment_method,VARCHAR(50),,,Método de pago: efectivo|tarjeta|bizum|otro,SI
sales,Ventas,Ventas registradas en el TPV — transacciones con método de pago,Sale,subtotal,FLOAT,,,Subtotal sin IVA en EUR,
sales,Ventas,Ventas registradas en el TPV — transacciones con método de pago,Sale,iva_amount,FLOAT,,,IVA en EUR,
sales,Ventas,Ventas registradas en el TPV — transacciones con método de pago,Sale,total,FLOAT,,,Total con IVA en EUR,SI
sales,Ventas,Ventas registradas en el TPV — transacciones con método de pago,Sale,created_at,DATETIME,,,Fecha y hora de registro,
system_prompts,Backoffice / IA,Prompts del sistema guardados en PostgreSQL — editables desde el backoffice sin tocar código,,id,INTEGER,SI,,Identificador único,
system_prompts,Backoffice / IA,Prompts del sistema guardados en PostgreSQL — editables desde el backoffice sin tocar código,,key,VARCHAR(100),,,Clave única: agent_chat|finance_ratios|campaign_generator|etc,
system_prompts,Backoffice / IA,Prompts del sistema guardados en PostgreSQL — editables desde el backoffice sin tocar código,,name,VARCHAR(200),,,Nombre legible del prompt,
system_prompts,Backoffice / IA,Prompts del sistema guardados en PostgreSQL — editables desde el backoffice sin tocar código,,module,VARCHAR(100),,,Módulo al que pertenece: Finanzas|Marketing|Agente|etc,
system_prompts,Backoffice / IA,Prompts del sistema guardados en PostgreSQL — editables desde el backoffice sin tocar código,,content,TEXT,,,Contenido del prompt — lo que recibe Claude como system prompt,
system_prompts,Backoffice / IA,Prompts del sistema guardados en PostgreSQL — editables desde el backoffice sin tocar código,,variables,VARCHAR(500),,,"Variables que usa el prompt en JSON: [sector, ventas, ...]",
system_prompts,Backoffice / IA,Prompts del sistema guardados en PostgreSQL — editables desde el backoffice sin tocar código,,is_active,BOOLEAN,,,Si el prompt está activo,
system_prompts,Backoffice / IA,Prompts del sistema guardados en PostgreSQL — editables desde el backoffice sin tocar código,,updated_at,DATETIME,,,Última modificación,
system_prompts,Backoffice / IA,Prompts del sistema guardados en PostgreSQL — editables desde el backoffice sin tocar código,,updated_by,VARCHAR(200),,,Email del admin que lo editó,
tasks,Proyectos,"Tareas de proyectos con estado, prioridad y asignación de empleados",Task,id,INTEGER,SI,,Identificador único,SI
tasks,Proyectos,"Tareas de proyectos con estado, prioridad y asignación de empleados",Task,project_id,INTEGER,,projects.id,Proyecto al que pertenece,SI
tasks,Proyectos,"Tareas de proyectos con estado, prioridad y asignación de empleados",Task,company_id,INTEGER,,companies.id,Empresa propietaria,SI
tasks,Proyectos,"Tareas de proyectos con estado, prioridad y asignación de empleados",Task,title,VARCHAR(300),,,Título de la tarea,SI
tasks,Proyectos,"Tareas de proyectos con estado, prioridad y asignación de empleados",Task,status,VARCHAR(20),,,Estado: pendiente|en_progreso|completada|bloqueada,SI
tasks,Proyectos,"Tareas de proyectos con estado, prioridad y asignación de empleados",Task,priority,VARCHAR(10),,,Prioridad: baja|media|alta|critica,
tasks,Proyectos,"Tareas de proyectos con estado, prioridad y asignación de empleados",Task,assigned_to,INTEGER,,employees.id,Empleado asignado a la tarea,SI
tasks,Proyectos,"Tareas de proyectos con estado, prioridad y asignación de empleados",Task,due_date,DATE,,,Fecha límite de la tarea,
tasks,Proyectos,"Tareas de proyectos con estado, prioridad y asignación de empleados",Task,created_at,DATETIME,,,Fecha de creación,
users,Core,Usuarios de la plataforma Vortu — autenticación y roles,User,id,INTEGER,SI,,Identificador único — incluido en JWT como 'sub',SI
users,Core,Usuarios de la plataforma Vortu — autenticación y roles,User,email,VARCHAR,,,Email único — usado como username para login,SI
users,Core,Usuarios de la plataforma Vortu — autenticación y roles,User,hashed_password,VARCHAR,,,Password hasheado con bcrypt — nunca en texto plano,
users,Core,Usuarios de la plataforma Vortu — autenticación y roles,User,full_name,VARCHAR,,,Nombre completo del usuario,SI
users,Core,Usuarios de la plataforma Vortu — autenticación y roles,User,is_active,BOOLEAN,,,Si la cuenta está activa,
users,Core,Usuarios de la plataforma Vortu — autenticación y roles,User,is_admin,BOOLEAN,,,Si es admin de Nexum — acceso al backoffice,
users,Core,Usuarios de la plataforma Vortu — autenticación y roles,User,company_id,INTEGER,,companies.id,Empresa a la que pertenece,SI
users,Core,Usuarios de la plataforma Vortu — autenticación y roles,User,created_at,DATETIME,,,Fecha de registro,
